<?xml version="1.0" encoding="UTF-8"?>
<assembly
    xmlns="http://maven.apache.org/plugins/maven-assembly-plugin/assembly/1.1.2"
    xmlns:xsi="http://www.w3.org/2001/XMLSchema-instance"
    xsi:schemaLocation="http://maven.apache.org/plugins/maven-assembly-plugin/assembly/1.1.2 http://maven.apache.org/xsd/assembly-1.1.2.xsd">
    <id>dist</id>
    <formats>
        <format>zip</format>
    </formats>
    <includeBaseDirectory>false</includeBaseDirectory>
    <fileSets>
        <fileSet>
            <directory>${project.basedir}/src/main/resources</directory>
            <includes>
                <include>PropConfig.xml</include>
                <!--<include>log4j2.xml</include>-->
                <include>druid.properties</include>
            </includes>
            <outputDirectory>./config</outputDirectory>
            <fileMode>775</fileMode>
        </fileSet>
        
        <fileSet>
            <directory>${project.basedir}/src/main/scripts</directory>
            <outputDirectory>./bin</outputDirectory>
            <includes>
                <include>startApp.sh</include>
            </includes>
            <filtered>true</filtered>
            <fileMode>775</fileMode>
        </fileSet>
        
        <!--
            Adds the jar file to the root directory of the created zip package.
        -->
        <fileSet>
            <directory>${project.build.directory}</directory>
            <outputDirectory>./</outputDirectory>
            <includes>
                <include>*.jar</include>
            </includes>
            <excludes>
                <exclude>*sources.jar</exclude>
            </excludes>
        </fileSet>
    </fileSets>
    <dependencySets>
         <dependencySet>
            <useProjectArtifact>true</useProjectArtifact>
            <outputDirectory>lib</outputDirectory>
        </dependencySet>
    </dependencySets>
</assembly>
