<?xml version="1.0" encoding="UTF-8"?>
<Configuration status="WARN">
    <Appenders>
        <Console name="Console" target="SYSTEM_OUT">
            <PatternLayout pattern="%d{HH:mm:ss.SSS} [%t] %-5level %logger{36} - %msg%n"/>
        </Console>
        <RollingFile name="RollingFile" fileName="../logs/rdc_segment_data_refresh.log"
                     filePattern="../logs/$${date:yyyy-MM}/rdc-segment-data-%d{yyyy-MM-dd}-%i.log.gz">
            <PatternLayout>
                <Pattern>%d %p %c{1.} [%t] %m%n</Pattern>
            </PatternLayout>
            <Policies>
                <OnStartupTriggeringPolicy />
                <SizeBasedTriggeringPolicy size="100 MB" />
                <TimeBasedTriggeringPolicy />
            </Policies>
            <DefaultRolloverStrategy max="1000"/>
        </RollingFile>
    </Appenders>
    <Loggers>
        <Root level="info">
            <AppenderRef ref="Console"/>
            <!--<AppenderRef ref="RollingFile"/>-->
        </Root>
        <logger name="com.thomsonreuters.segment" level="info"/>
    </Loggers>
</Configuration>
