<?xml version="1.0" encoding="UTF-8"?>
<PROPCONFS>
    <PropConf>
        <name>EntityType</name>
        <value>
			I,Q,O,C,G,SG,AA,M
        </value>
        <desc>Type in RDC</desc>
    </PropConf>

    <PropConf>
        <name>edfFilePath</name>
        <value>C:/Users/UC253590/Desktop/new/test_file/</value>
        <desc>the directory of EDF FULL Files</desc>
    </PropConf>

    <PropConf>
        <name>rdcFullFilePath</name>
        <value>C:/Users/UC253590/Desktop/new/test_file/rdc_full</value>
        <desc>the directory of EDF FULL Files</desc>
    </PropConf>

    <PropConf>
        <name>QueryTable</name>
        <value>RDC_COLLECTED.RDC_FULL_STG</value>
        <desc>query table</desc>
    </PropConf>

    <PropConf>
        <name>PropertyId</name>
        <value>114840</value>
        <desc>query property id</desc>
    </PropConf>

</PROPCONFS>
